Title,Catagory,Phone No,Address    ,Map_location
New World Narketing & Distribution Inc,"Distributing Service-Circular, Sample, Etc",(818) 243-0278,"431 N Brand Blvd,Glendale, CA 91203",/listings/504623458/directions
Lion Media Distribution Inc,"Distributing Service-Circular, Sample, Etc",(213) 316-8322,"8235 Santa Monica Blvd,West Hollywood, CA 90046",/listings/507781066/directions
Expresiones Distribution,"Distributing Service-Circular, Sample, Etc",(818) 506-0749,"11509 Burbank Blvd,North Hollywood, CA 91601",/listings/7475324/directions
Dom's Distribution,"Distributing Service-Circular, Sample, Etc",(323) 312-6280,"Po Box 331129,Los Angeles, CA 90033",/listings/503041448/directions
Aces Distribution Inc,"Distributing Service-Circular, Sample, Etc",(626) 304-2686,"161 E California Blvd,Pasadena, CA 91105",/listings/479814579/directions
Leeding Distribution,"Distributing Service-Circular, Sample, Etc",(213) 623-3311,"820 S Broadway,Los Angeles, CA 90014",/listings/463752021/directions
All Pacific Distribution,"Distributing Service-Circular, Sample, Etc",(213) 620-0400,"929 E 2nd St,Los Angeles, CA 90012",/listings/79536/directions
H & M Distribution,"Distributing Service-Circular, Sample, Etc",(818) 464-3736,"518 E Colorado Blvd,Pasadena, CA 91101",/listings/463527995/directions
Win Distribution,"Distributing Service-Circular, Sample, Etc",(323) 221-0181,"2455 Mariondale Ave,Los Angeles, CA 90032",/listings/470850015/directions
Avon Distribution Center,Cosmetics-Wholesale & Manufacturers,(626) 578-8000,"2940 E Foothill Blvd,Pasadena, CA 91121",/listings/7686049/directions
Wireless Distribution Center,,(818) 505-1585,"4842 Lankershim Blvd,North Hollywood, CA 91601",/listings/452312465/directions
Lumber City Distribution Ctr,"Distributing Service-Circular, Sample, Etc",(818) 503-1294,"11481 Hart St,North Hollywood, CA 91605",/listings/482072049/directions
B K Distribution Ctr,"Distributing Service-Circular, Sample, Etc",(323) 463-7596,"117 N Beachwood Dr,Los Angeles, CA 90004",/listings/463749273/directions
JDFC - Jacobs Food Distribution Center,Food Banks,(626) 676-8353,"899 N Fair Oaks Ave,Pasadena, CA 91103",/listings/475642970/directions
Community Distribution Center,Grocery Stores,,"11350 Saticoy St,Sun Valley, CA 91352",/listings/450993807/directions
Dependable Distribution Centers,Storage Household & Commercial,(323) 526-2201,"2555 E Olympic Blvd,Los Angeles, CA 90023",/listings/537577072/directions
C1r Distribution,"Distributing Service-Circular, Sample, Etc",(323) 337-9500,"8721 Santa Monica Blvd # 525,West Hollywood, CA 90069",/listings/455072917/directions
Game Center Distribution Inc,Video Games,(213) 742-0619,"2401 S Broadway,Los Angeles, CA 90007",/listings/504899688/directions
Game Center Distribution Inc,Video Games,(213) 742-0619,"1212 Stanford Ave Ste 102,Los Angeles, CA 90021",/listings/467587729/directions
Supply Central Distribution,"Distributing Service-Circular, Sample, Etc",(323) 769-8140,"7033 W Sunset Blvd,Los Angeles, CA 90028",/listings/480165405/directions
Auto Smart Distribution,"Distributing Service-Circular, Sample, Etc",(323) 462-8601,"1688 W Washington Blvd,Los Angeles, CA 90007",/listings/520847456/directions
Copycom Distribution,"Distributing Service-Circular, Sample, Etc",(323) 962-3000,"6646 Hollywood Blvd,Los Angeles, CA 90028",/listings/470257361/directions
Internet Distribution Center,Computer Online Services,(323) 463-0020,"7033 W Sunset Blvd,Los Angeles, CA 90028",/listings/459665745/directions
One Distribution Co,"Distributing Service-Circular, Sample, Etc",(323) 556-0455,"411 S Fairfax Ave,Los Angeles, CA 90036",/listings/452287017/directions
AM PM Distribution,"Distributing Service-Circular, Sample, Etc",(818) 322-0279,"1030 Raymond Ave,Glendale, CA 91201",/listings/545975262/directions
Retob Distribution,"Distributing Service-Circular, Sample, Etc",(818) 557-6695,"112 N San Fernando Blvd,Burbank, CA 91502",/listings/20124527/directions
Rite Choice Distribution Center,,(800) 747-5700,"645 W Broadway,Glendale, CA 91204",/listings/521329005/directions
3 D Distributions,"Distributing Service-Circular, Sample, Etc",(818) 266-5142,"10761 Burbank Blvd,North Hollywood, CA 91601",/listings/463549659/directions
A M Global Distribution,"Distributing Service-Circular, Sample, Etc",(800) 385-3962,"11850 Wyandotte St,North Hollywood, CA 91605",/listings/547233336/directions
Koms Distribution,"Distributing Service-Circular, Sample, Etc",(818) 244-9101,"417 Arden Ave,Glendale, CA 91203",/listings/457416894/directions
Distribution Aspen,"Distributing Service-Circular, Sample, Etc",(323) 727-8008,"825 N Vail Ave,Montebello, CA 90640",/listings/504322124/directions
O & A Autopark Distribution,"Distributing Service-Circular, Sample, Etc",(818) 476-0126,"100 N Brand Blvd,Glendale, CA 91203",/listings/13610055/directions
Overseas Food Distribution,Advertising Agencies,(818) 534-5050,"6095 Malburg Way,Vernon, CA 90058",/listings/514661781/directions
Tachara Distribution,"Distributing Service-Circular, Sample, Etc",(310) 559-2400,"8643 Hayden Pl,Culver City, CA 90232",/listings/475591422/directions
Loyalty Distribution Svc,"Distributing Service-Circular, Sample, Etc",(323) 728-8002,"2340 S Eastern Ave,Commerce, CA 90040",/listings/466412975/directions
Unique Distribution Inc,"Distributing Service-Circular, Sample, Etc",(323) 588-8065,"4900 E 50th St,Vernon, CA 90058",/listings/481155105/directions
Bal Adrian & Berdella,Music Publishers & Distribution,(818) 548-1116,"222 Monterey Rd,Glendale, CA 91206",/listings/464952668/directions
Sigma Supply & Distribution,,(818) 246-4624,"701 W Harvard St,Glendale, CA 91204",/listings/30860089/directions
3pl Warehousing & Distribution,"Distributing Service-Circular, Sample, Etc",(562) 692-1231,"3920 Capitol Ave,City Of Industry, CA 90601",/listings/496816518/directions
Eastern Distribution Inc,"Distributing Service-Circular, Sample, Etc",(562) 908-8718,"2652 Pacific Park Dr,Whittier, CA 90601",/listings/23167419/directions
T L D Distribution Co,"Distributing Service-Circular, Sample, Etc",(323) 201-4200,"3528 Garfield Ave,Commerce, CA 90040",/listings/475235103/directions
Gun For Hire Distribution,"Distributing Service-Circular, Sample, Etc",(310) 315-1750,"3019 Pico Blvd,Santa Monica, CA 90405",/listings/455038884/directions
Nutri-Bon Distribution Inc,"Distributing Service-Circular, Sample, Etc",(323) 278-5425,"5858 Smithway St,Commerce, CA 90040",/listings/1452487/directions
Aspen Distribution Ii,"Distributing Service-Circular, Sample, Etc",(323) 727-8007,"825 S Vail Ave,Montebello, CA 90640",/listings/5662645/directions
Radex Distribution,Warehouses-Merchandise,(323) 269-9369,"1430 S Eastman Ave,Commerce, CA 90023",/listings/8736789/directions
Elite Distribution,"Distributing Service-Circular, Sample, Etc",(323) 476-7644,"4903 Everett Ct,Vernon, CA 90058",/listings/457311054/directions
Gelson's Markets Distribution,Warehouses-Merchandise,(310) 638-2842,"6191 Peachtree St,Commerce, CA 90040",/listings/31186393/directions
Fs Distribution Services,"Distributing Service-Circular, Sample, Etc",(323) 881-9516,"5638 Lindbergh Ln,Bell Gardens, CA 90201",/listings/495309091/directions
Cheli Distribution Center,,(323) 881-9664,"5801 E Slauson Ave,Commerce, CA 90040",/listings/535484423/directions
St Paul Distribution Center,,(323) 262-7861,"5003 Whittier Blvd,Los Angeles, CA 90022",/listings/455389444/directions
ADM Distribution,"Distributing Service-Circular, Sample, Etc",(323) 269-8175,"3691 Noakes St,Los Angeles, CA 90023",/listings/23114059/directions
Supply Distribution Network,"Distributing Service-Circular, Sample, Etc",(310) 553-4040,"1517 S Robertson Blvd,Los Angeles, CA 90035",/listings/1881602/directions
D & D Distribution,"Distributing Service-Circular, Sample, Etc",(323) 934-9299,"4907 W Pico Blvd,Los Angeles, CA 90019",/listings/13190292/directions
Bright Distribution,"Distributing Service-Circular, Sample, Etc",(818) 351-1657,"11826 Sheldon St,Sun Valley, CA 91352",/listings/460756113/directions
Serafin's Distribution,"Distributing Service-Circular, Sample, Etc",(323) 395-0384,"1361 Lawrence St,Los Angeles, CA 90021",/listings/502214237/directions
ASIA WORLD DISTRIBUTION,"Distributing Service-Circular, Sample, Etc",(626) 272-6226,"155 W California Blvd,San Marino, CA 91108",/listings/550174777/directions
Schubert Music Publishing Inc,Music Publishers & Distribution,(310) 409-7326,"2929 Waverly Dr,Los Angeles, CA 90039",/listings/542672797/directions
26f Rpm Inc.,Music Publishers & Distribution,(323) 906-0026,"3191 Casitas Ave,Los Angeles, CA 90039",/listings/467251320/directions
Goodman Distribution Inc.,Heating Equipment & Systems,(323) 255-7100,"3334 N San Fernando Rd,Los Angeles, CA 90065",/listings/30540471/directions
Mike Post Productions Inc,Music Publishers & Distribution,(818) 840-8313,"1007 W Olive Ave,Burbank, CA 91506",/listings/30943914/directions
Flavor 32,Music Publishers & Distribution,(323) 912-9119,"3197 Glendale Blvd,Los Angeles, CA 90039",/listings/30750223/directions
West Coast Marketing & Distribution Services,Publishing Consultants,(818) 243-4715,,
Feelgood Music,Music Publishers & Distribution,(323) 660-2121,"3149 Glendale Blvd,Los Angeles, CA 90039",/listings/515851940/directions
Dizzy O'Brian's New Music,Music Publishers & Distribution,(818) 731-5957,"Sunland, CA 91040",
Distribution Video & Audio,Business Brokers,(818) 848-6111,,
Music Business Affairs,Interactive Media,(818) 396-7492,,
Bal & Bal Music Publishing Co.,Music Publishers & Distribution,(818) 548-1116,,
Flutacious!,Music Publishers & Distribution,(818) 549-4177,"1919 Bonita Dr,Glendale, CA 91208",/listings/30711403/directions
K & K Distribution Inc,Advertising Agencies,(818) 535-1099,"6921 San Fernando Rd,Glendale, CA 91201",/listings/469942478/directions
Noble Food Distribution,Food Products,(818) 956-3333,"6749 San Fernando Rd,Glendale, CA 91201",/listings/476068992/directions
Last Resort Music Publishing,Music Publishers & Distribution,(818) 956-0088,"820 Thompson Ave Ste 14,Glendale, CA 91201",/listings/460922536/directions
Buytronics Distribution,Sales Organizations,(818) 696-2100,"1733 Standard Ave,Glendale, CA 91201",/listings/505326473/directions
Cobraside Distribution Inc,,(818) 548-9001,"3639 San Fernando Rd,Glendale, CA 91204",/listings/465272771/directions
Hyperion Distribution,Advertising Agencies,(818) 484-7507,"1616 S Central Ave,Glendale, CA 91204",/listings/532980322/directions
AEE Distribution Chi Chi Inc,,(818) 631-3535,"1408 Bruce Ave,Glendale, CA 91202",/listings/494392431/directions
Heavy Hitters Music Group,Music Publishers & Distribution,(818) 246-1250,"440 Western Ave,Glendale, CA 91201",/listings/455723865/directions
26f Records,Music Publishers & Distribution,(323) 906-0026,"5419 Hollywood Blvd,Los Angeles, CA 90027",/listings/11596774/directions
Wesco Petroleum Distribution,Petroleum Products,(818) 840-0100,"350 N Glenoaks Blvd,Burbank, CA 91502",/listings/467807637/directions
Draco Distribution,Food Products-Wholesale,(323) 343-8545,"1324 Cypress Ave,Los Angeles, CA 90065",/listings/540867708/directions
Equip. Distribution Internatl Corp,Pressure Washing Equipment & Services,(323) 660-1635,"1753 Blake Ave,Los Angeles, CA 90031",/listings/1054956/directions
Winston Music Publishers,Music Publishers & Distribution,(818) 748-0001,"4201 W Burbank Blvd,Burbank, CA 91505",/listings/6782841/directions
Filmcore Distribution,Advertising Agencies,(818) 526-3700,"2130 N Hollywood Way,Burbank, CA 91505",/listings/463401296/directions
A C Power Distribution,Electronic Power Supplies,(818) 848-4004,"3060 N California St,Burbank, CA 91504",/listings/7798310/directions
Black Bull Music,Music Publishers & Distribution,(323) 877-8383,"4616 W Magnolia Blvd,Burbank, CA 91505",/listings/2071433/directions
Barton Music & Affiliates,Music Publishers & Distribution,(818) 842-5691,"4405 W Riverside Dr,Burbank, CA 91505",/listings/5992441/directions
Archstone Distribution,,(310) 622-8773,"3808 W Riverside Dr,Burbank, CA 91505",/listings/542805118/directions
Burbank Chorale,Music Publishers & Distribution,(818) 759-9177,"3214 W Wyoming Ave,Burbank, CA 91505",/listings/31019931/directions
Spectrasonics,Music Publishers & Distribution,(818) 559-9702,"3500 W Olive Ave,Burbank, CA 91505",/listings/537217557/directions
Beatscore Entertainment,Music Publishers & Distribution,(818) 230-6966,"4000 West Burbank Boulevard,Burbank, CA 91505",/listings/548371988/directions
Harrison Music Corporation,Music Publishers & Distribution,(818) 238-9343,"3808 W Riverside Dr Ste 5,Burbank, CA 91505",/listings/523155361/directions
Demi Music Corp,Music Publishers & Distribution,(323) 849-7409,"4215 W Hood Ave,Burbank, CA 91505",/listings/30799336/directions
Plan B Distribution,General Merchandise-Wholesale,(818) 848-6111,"4108 W Riverside Dr Unit B,Burbank, CA 91505",/listings/473120269/directions
Auto Smart Distribution,Advertising Agencies,(323) 462-8601,"4873 Melrose Ave,Los Angeles, CA 90029",/listings/481211503/directions
Major Bob Music,Music Publishers & Distribution,(323) 851-2262,"3012 Passmore Dr,Los Angeles, CA 90068",/listings/6326925/directions
CKCK Distribution,Women's Fashion Accessories,(323) 999-0202,"6323 York Blvd,Los Angeles, CA 90042",/listings/463655133/directions
5 Alarm Music,Music Publishers & Distribution,(626) 304-1698,"3500 W Olive Ave Ste 810,Burbank, CA 91505",/listings/528746088/directions
Sqe Music,Music Publishers & Distribution,(323) 378-5973,"6430 W Sunset Blvd,Los Angeles, CA 90028",/listings/481275911/directions
Storyteller Distribution Co,Computer Graphics,(818) 763-2166,"100 Universal City Plz,Universal City, CA 91608",/listings/525376790/directions
Global Distribution,,(424) 345-2730,"3450 Cahuenga Blvd W,Los Angeles, CA 90068",/listings/559155350/directions
Low End George Publishing,Music Publishers & Distribution,(213) 503-5100,"PO Box 26731,Los Angeles, CA 90026",/listings/474550845/directions
Auto Smart Distribution,Car Wash,(323) 462-8601,"1207 N Beachwood Dr,Los Angeles, CA 90038",/listings/462026113/directions
Realsongs,Music Publishers & Distribution,(323) 462-1709,"6363 W Sunset Blvd,Los Angeles, CA 90028",/listings/12496268/directions
Mona Davis Music Inc,Music Publishers & Distribution,(323) 466-4696,"1538 N Cahuenga Blvd,Los Angeles, CA 90028",/listings/532943295/directions
Warner Music Group,Music Producers,(323) 308-4250,"1635 N Cahuenga Blvd,Los Angeles, CA 90028",/listings/506500826/directions
Sumerian Records,Music Publishers & Distribution,(424) 832-7275,"3330 Cahuenga Blvd W,Los Angeles, CA 90068",/listings/548487371/directions
Wholesale Distribution,Video Equipment & Supplies,(213) 626-2152,"326 W Avenue 37,Los Angeles, CA 90065",/listings/551874425/directions
Artist Publishing Group,Music Publishers & Distribution,(323) 380-7806,"1635 N Cahuenga Blvd,Los Angeles, CA 90028",/listings/478429926/directions
Cafe Con Bagels Music,Music Publishers & Distribution,(213) 273-8332,"726 N Occidental Blvd Apt 7,Los Angeles, CA 90026",/listings/463713915/directions
L T D Enterprises Distribution Inc,Motion Picture Film Distributors & Exchanges,(818) 949-4460,"1313 Foothill Blvd,La Canada Flintridge, CA 91011",/listings/467539927/directions
NoWare Publishing Co.,Music Publishers & Distribution,(612) 548-4487,"5320 Riverton Ave apt 2,North Hollywood, CA 91601",/listings/479814999/directions
Bank Robber Music,Music Publishers & Distribution,(323) 912-9212,"4302 Melrose Ave,Los Angeles, CA 90029",/listings/482221889/directions
Apt2b,Music Publishers & Distribution,(818) 786-1951,"1600 Vine St,Los Angeles, CA 90028",/listings/468877692/directions
Et Distribution,Advertising Agencies,(318) 572-7161,"11136 Chandler Blvd,North Hollywood, CA 91601",/listings/527661216/directions
D & E Entertainment,Music Publishers & Distribution,(323) 464-2403,"6525 W Sunset Blvd,Los Angeles, CA 90028",/listings/30914354/directions
Starshine Productions,Music Publishers & Distribution,(323) 461-5574,"6290 W Sunset Blvd,Los Angeles, CA 90028",/listings/467302369/directions
Gobig Entertainment Inc,Music Publishers & Distribution,(213) 380-0083,"220 S New Hampshire Ave,Los Angeles, CA 90004",/listings/496797631/directions
Cookman International,Music Publishers & Distribution,(818) 763-1397,"1760 N Main St,Los Angeles, CA 90031",/listings/507295162/directions
Music Business Registry Inc,Music Publishers & Distribution,(818) 995-7458,"7510 W Sunset Blvd # 1041,Los Angeles, CA 90046",/listings/460245089/directions
Blue Danube Music Production,Music Publishers & Distribution,(818) 509-8242,"4298 Klump Ave,North Hollywood, CA 91602",/listings/505110540/directions
D C Distributions Inc,,(323) 225-1888,"317 S Avenue 19,Los Angeles, CA 90031",/listings/536982632/directions
Global Ground Distribution System,,(310) 741-1044,"11132 Ventura Blvd Ste 400,Studio City, CA 91604",/listings/466300405/directions
Smog Distribution,,(818) 809-5026,"523 S Westmoreland Ave,Los Angeles, CA 90020",/listings/515040476/directions
Transition Music Studio,Music Publishers & Distribution,(323) 860-7074,"3570 Willowcrest Ave,Studio City, CA 91604",/listings/5534206/directions
A C Power Distribution,,(818) 848-4004,"2313 N Valley St,Burbank, CA 91505",/listings/551980856/directions
RV Distribution,Women's Clothing Wholesalers & Manufacturers,(213) 746-6681,"1015 Wall St,Los Angeles, CA 90015",/listings/458537754/directions
Ltd Enterprises Distribution,,(747) 255-7205,"2714 Starfall Dr,La Crescenta, CA 91214",/listings/532522988/directions
Ban Distribution Group,Cellular Telephone Service,(818) 988-7022,"11044 Weddington St,North Hollywood, CA 91601",/listings/499616256/directions
VALENCIA'S DISTRIBUTION,Cases,(818) 515-9475,"5727 Denny Ave,North Hollywood, CA 91601",/listings/12506894/directions
Perspective Productions,Music Publishers & Distribution,(818) 761-6462,"10806 Ventura Blvd,Studio City, CA 91604",/listings/18573676/directions
Dither Music Publishing Co,Music Publishers & Distribution,(323) 963-4383,"7080 Hollywood Blvd,Los Angeles, CA 90028",/listings/460586894/directions
DC Distributions Inc.,General Merchandise-Wholesale,(323) 225-1888,"317 N Avenue 19,Los Angeles, CA 90031",/listings/504321209/directions
Hollywood Nobody's,Entertainment Agencies & Bureaus,(323) 823-6227,"10901 Whipple St,North Hollywood, CA 91602",/listings/483174722/directions
Perpetual Music Group,Music Publishers & Distribution,(818) 505-8305,"10523 Burbank Blvd,North Hollywood, CA 91601",/listings/474370461/directions
Peermusic,Music Publishers & Distribution,(323) 960-3400,"5358 Melrose Ave Ste 400,Los Angeles, CA 90038",/listings/506491159/directions
Dom's Distribution,Advertising Agencies,(323) 312-6280,"11684 Ventura Blvd,Studio City, CA 91604",/listings/30929559/directions
Gene Autry Entertainment Inc,Music Publishers & Distribution,(818) 752-7770,"4383 Colfax Ave,Studio City, CA 91604",/listings/454976813/directions
Western Music Publishing Co,Music Publishers & Distribution,(818) 752-7770,"4383 Colfax Ave,Studio City, CA 91604",/listings/22689314/directions
Very Well Music Group,Music Publishers & Distribution,(323) 960-2516,"7220 Beverly Blvd Ste 203,Los Angeles, CA 90036",/listings/512947830/directions
Ridgeway Music Co Inc,Music Publishers & Distribution,(818) 752-7770,"4383 Colfax Ave,Studio City, CA 91604",/listings/467810336/directions
Distribution Central,,(626) 798-8582,"470 Prescott St,Pasadena, CA 91104",/listings/30320136/directions
YS Distribution,Importers,(213) 387-5400,"3361 W 1st St,Los Angeles, CA 90004",/listings/558899663/directions
Bbm,Music Publishers & Distribution,(213) 383-1726,"955 S Alvarado St,Los Angeles, CA 90006",/listings/11317413/directions
Seoul Beauty Distribution,,(213) 922-0472,"1032 Richmond St,Los Angeles, CA 90033",/listings/515036510/directions
Assured Distribution Services,Courier & Delivery Service,(818) 623-0346,"11490 Burbank Blvd Ste 2d,North Hollywood, CA 91601",/listings/2828069/directions
Imaginary Friends Music Partners,Music Publishers & Distribution,(310) 281-7812,"8033 W Sunset Blvd,Los Angeles, CA 90046",/listings/30471480/directions
Zero Point Distribution,Advertising Agencies,(305) 498-9320,"837 S Normandie Ave,Los Angeles, CA 90005",/listings/543948005/directions
Calax Distribution Inc,Importers,(213) 382-9901,"900 S Westmoreland Ave Ste 202,Los Angeles, CA 90006",/listings/2286817/directions
Triune Music Group,Music Publishers & Distribution,(323) 848-4900,"8322 Livingston Way,Los Angeles, CA 90046",/listings/9524178/directions
SRI Entertainment,Family & Business Entertainers,(213) 489-9840,"444 S Flower St,Los Angeles, CA 90071",/listings/465167268/directions
Aceco. Distribution  D.B.A..sqieaky clean janitoral service n sales,Janitorial Service,(909) 231-0414,"11481 cumpston st,North hollywood, CA 91601",/listings/526761269/directions
E Toys Distribution,,(424) 244-1627,"445 S Figueroa St Ste 2600,Los Angeles, CA 90071",/listings/503796072/directions
Weebattle,Book Publishers,(615) 416-2573,"5619 Lankershim Blvd,North Hollywood, CA 91601",/listings/526834564/directions
Criterion Music Corp,Music Publishers & Distribution,(818) 763-9962,"11430 Ventura Blvd,Studio City, CA 91604",/listings/7842329/directions
The Voice Mechanic | Hollywood Singing Lessons,Music Publishers & Distribution,(323) 937-2565,"7222 Melrose Ave,Los Angeles, CA 90046",/listings/31103866/directions
Crucial Music Corporation,Music Publishers & Distribution,(818) 985-5810,"12031 Ventura Blvd Ste 2,Studio City, CA 91604",/listings/5712034/directions
Distribution International,International Trade Consultants,(213) 553-4546,"725 S Figueroa St,Los Angeles, CA 90017",/listings/513382868/directions
Four Jays Music Company,Music Publishers & Distribution,(213) 236-9222,"421 E 6th St,Los Angeles, CA 90014",/listings/527999450/directions
Kling Distribution,Women's Clothing Wholesalers & Manufacturers,(213) 622-2420,"120 E 8th St Ste 808,Los Angeles, CA 90014",/listings/495979774/directions
Central Distribution Inc,Cellular Telephone Service,(213) 622-4488,"560 S Los Angeles St Ste 14,Los Angeles, CA 90013",/listings/30703599/directions
Choice Distribution,,(818) 504-8494,"8465 Glenoaks Blvd,Sun Valley, CA 91352",/listings/532712664/directions
Daj Distribution,Electronic Equipment & Supplies-Wholesale & Manufacturers,(213) 239-9693,"560 S Los Angeles St,Los Angeles, CA 90013",/listings/468370739/directions
Enanos Distribution Inc,,(213) 915-0147,"2576 W Pico Blvd,Los Angeles, CA 90006",/listings/557672682/directions
Majorsongs,Music Publishers & Distribution,(323) 650-1624,"8708 Crescent Dr,Los Angeles, CA 90046",/listings/6931702/directions
Do It California Distribution,General Merchandise-Wholesale,(818) 503-1294,"11481 Hart St,North Hollywood, CA 91605",/listings/456373085/directions
C Kck Distribution,Clothing Stores,(626) 765-0311,"779 E Washington Blvd,Pasadena, CA 91104",/listings/4123033/directions
The Doors Music Co,Music Publishers & Distribution,(323) 654-1900,"8439 W Sunset Blvd,West Hollywood, CA 90069",/listings/496506080/directions
S MK Distribution,Watch Repair,(213) 265-7467,"313 S San Pedro St,Los Angeles, CA 90013",/listings/556352869/directions
Music Freak Inc,Music Publishers & Distribution,(323) 654-4300,"1203 N Sweetzer Ave,West Hollywood, CA 90069",/listings/488759633/directions
Blackbird Distribution,,(323) 461-4404,"342 E 3rd St,Los Angeles, CA 90013",/listings/547096673/directions
Agile Distribution,,(747) 256-4177,"6925 Farmdale Ave,North Hollywood, CA 91605",/listings/557918501/directions
Vergara Distribution,Automobile Accessories,(626) 548-4206,"2800 W Main St # 110,Alhambra, CA 91801",/listings/458966812/directions
Distribution Property Solutions Incorporated,,(888) 349-2735,"645 W 9th St,Los Angeles, CA 90015",/listings/473012447/directions
Wholesale Distribution,"Stereo, Audio & Video Equipment-Wholesale & Manufacturers",(213) 626-2152,"326 E 3rd St,Los Angeles, CA 90013",/listings/744278/directions
Choice Music,Music Sheet,(323) 373-0008,"3250 W Olympic Blvd,Los Angeles, CA 90006",/listings/15936384/directions
New World Distribution,,(818) 767-7203,"8547 Outland View Dr,Sun Valley, CA 91352",/listings/1801636/directions
Chartered Distribution,Advertising Specialties,(213) 225-1654,"768 Merchant St,Los Angeles, CA 90021",/listings/512683706/directions
Arts Alliance Distribution Inc,,(805) 368-8868,"11846 Ventura Blvd,Studio City, CA 91604",/listings/516214247/directions
Unique Food Distribution Inc,Food Products-Wholesale,(818) 771-1177,"11178 Penrose St,Sun Valley, CA 91352",/listings/14671921/directions
Nexus Glass Distribution,Tobacco,(213) 687-8669,"316 E 3rd St,Los Angeles, CA 90013",/listings/496325370/directions
Four Jay,Music Publishers & Distribution,(213) 536-5164,"1220 Maple Ave,Los Angeles, CA 90015",/listings/522115757/directions
G & A Food Distribution Corp,Advertising Agencies,(213) 236-0837,"1244 E 7th St,Los Angeles, CA 90021",/listings/544517775/directions
Smashtrax Music,Music Publishers & Distribution,(818) 705-3279,"4826 Beeman Ave,Valley Village, CA 91607",/listings/18151719/directions
Valle Music Reproduction,Music Publishers & Distribution,(818) 762-0615,"12443 Riverside Dr,Valley Village, CA 91607",/listings/534779155/directions
Beverly Dairy Distribution,Business Coaches & Consultants,(323) 857-1570,"501 S Fairfax Ave Ste 210,Los Angeles, CA 90036",/listings/459229970/directions
Draco Distribution,Towels-Cloth-Wholesale & Manufacturers,(213) 612-0224,"760 Gladys Ave,Los Angeles, CA 90021",/listings/508383445/directions
Music & Media International,Music Publishers & Distribution,(310) 360-7777,"8756 Holloway Dr,West Hollywood, CA 90069",/listings/467699552/directions
Cherry Lane Music,Music Publishers & Distribution,(323) 936-5466,"5757 Wilshire Blvd,Los Angeles, CA 90036",/listings/459510018/directions
West Hollywood Chorale,Music Publishers & Distribution,(323) 960-4349,"1201 Larrabee St,West Hollywood, CA 90069",/listings/31026649/directions
Interior Music,Music Publishers & Distribution,(323) 933-5952,"5757 Wilshire Blvd Ste 335,Los Angeles, CA 90036",/listings/15443971/directions
Bright Distributions,,(818) 381-4850,"11087 Olinda St,Sun Valley, CA 91352",/listings/456242895/directions
"HAAWK, Inc.",Music Publishers & Distribution,(818) 825-3103,"12400 Ventura Blvd # 122,Studio City, CA 91604",/listings/467403214/directions
Kobalt Music,Music Publishers & Distribution,(310) 967-3087,"8201 Beverly Blvd,Los Angeles, CA 90048",/listings/480154490/directions
Daddy's Vapor Distribution,,(818) 503-2937,"7241 Lankershim Blvd,North Hollywood, CA 91605",/listings/527312634/directions
Bmi,Music Publishers & Distribution,(310) 659-9109,"8730 W Sunset Blvd,West Hollywood, CA 90069",/listings/1235898/directions
Energized Distribution,Beverages-Distributors & Bottlers,(818) 358-0115,"7309 Lankershim Blvd,North Hollywood, CA 91605",/listings/4605691/directions
# 1 Latino Distribution,Boys Clothing,(562) 309-4636,"214 W Pico Blvd,Los Angeles, CA 90015",/listings/8290782/directions
Made Men Recording & Distribution,,(323) 556-0634,"8350 Wilshire Blvd,Beverly Hills, CA 90211",/listings/544386527/directions
MatCom Distribution,Video Games,(213) 745-2445,"2415 S Broadway,Los Angeles, CA 90007",/listings/467960307/directions
Soul Survivor Show,Artists Agents,(310) 428-7770,"1317 S Burnside Ave,Los Angeles, CA 90019",/listings/529862444/directions
Scully Distribution,Trucking,(213) 488-0119,"2000 E 8th St,Los Angeles, CA 90021",/listings/9688143/directions
JF Advertising distribution,Advertising Agencies,(818) 381-6986,"6245 Goodland Ave,North Hollywood, CA 91606",/listings/453999722/directions
Music & Media International,Music Publishers & Distribution,(310) 360-7777,"9308 Lloydcrest Dr,Beverly Hills, CA 90210",/listings/461814101/directions
Falstaff Music Co,Music Publishers & Distribution,(818) 762-1712,"12815 Miranda St,Valley Village, CA 91607",/listings/493038/directions
SafePlug Distribution Products,Electrical Discharge Machines & Supplies,(818) 421-5646,"12930 Ventura Blvd,Studio City, CA 91604",/listings/496078068/directions
Abet Music,Music Publishers & Distribution,(626) 296-6999,"1833 Casa Grande St,Pasadena, CA 91104",/listings/21409876/directions
Soul City Records Inc,Music Publishers & Distribution,(818) 980-1441,"3141 Coldwater Canyon Ln,Beverly Hills, CA 90210",/listings/20686409/directions
GWC Distribution,Packaging Service,(213) 892-1583,"2028 Bay St,Los Angeles, CA 90021",/listings/489557425/directions
Ibbob Inc,Music Publishers & Distribution,(323) 782-0947,"6399 Wilshire Blvd,Los Angeles, CA 90048",/listings/496635236/directions
Celebrity Video Distribution,Copying & Duplicating Service,(323) 655-0303,"6380 Wilshire Blvd Ste 1115,Los Angeles, CA 90048",/listings/472488640/directions
Mattie Music Group,Music Publishers & Distribution,(323) 866-1820,"6399 Wilshire Blvd,Los Angeles, CA 90048",/listings/460555380/directions
Big Fish Music Publishing Group,Music Publishers & Distribution,(818) 508-9777,"12720 Burbank Blvd Unit 124,Valley Village, CA 91607",/listings/473361956/directions
Pacwest Distribution,,(213) 537-0329,"915 Mateo St,Los Angeles, CA 90021",/listings/533335592/directions
Charter Distribution,Food Products-Wholesale,(323) 232-4000,"1950 E 25th St,Los Angeles, CA 90058",/listings/467815475/directions
Promed Volcano Distribution,Advertising Specialties,(310) 228-4300,"1610 S La Cienega Blvd,Los Angeles, CA 90035",/listings/5035355/directions
Bgb Distributions,,(213) 748-1909,"810 E 14th St,Los Angeles, CA 90021",/listings/465951158/directions
El Mercado Distribution,,(323) 931-4085,"5287 W Pico Blvd,Los Angeles, CA 90019",/listings/9673453/directions
Ban Distribution Group,,(818) 824-3226,"13060 Saticoy St,North Hollywood, CA 91605",/listings/541705354/directions
CSS Distributions Inc,Advertising Agencies,(818) 760-5008,"13061 Saticoy St,North Hollywood, CA 91605",/listings/535192190/directions
D & T Distribution Inc,Women's Clothing Wholesalers & Manufacturers,(323) 521-1400,"1561 E Adams Blvd,Los Angeles, CA 90011",/listings/16260870/directions
Grind Hard Entertainment Inc.,Motion Picture Film Services,(818) 459-7049,"13437 Victory Blvd Apt 17,Van Nuys, CA 91401",/listings/520039532/directions
Screening Distribution,,(310) 734-7166,"9350 Wilshire Blvd,Beverly Hills, CA 90212",/listings/548684887/directions
Mad Glass Distribution,Advertising Agencies,(323) 238-7715,"1181 E 32nd St,Los Angeles, CA 90011",/listings/544897963/directions
Skyline Music,Music Publishers & Distribution,(424) 777-0870,"724 N Alpine Dr,Beverly Hills, CA 90210",/listings/469285180/directions
MRC II Distribution Company L.P.,,(310) 786-1600,"100 N Crescent Dr,Beverly Hills, CA 90210",/listings/559537998/directions
Yo-Fo Sales & Distribution,Dairy Products,(818) 434-2569,"13026 Saticoy St,North Hollywood, CA 91605",/listings/475636881/directions
Worldwide Distribution,General Merchandise,(310) 652-8734,"1110 S Holt Ave,Los Angeles, CA 90035",/listings/30888862/directions
Mad 4 Music,Music Sheet,(818) 905-9656,"13636 Ventura Blvd # 409,Sherman Oaks, CA 91423",/listings/473162037/directions
Fen Media,Music Publishers & Distribution,(419) 215-3177,"1100 S Bedford St,Los Angeles, CA 90035",/listings/475534236/directions
Alpha Distributions,Advertising Agencies,(323) 264-4500,"2540 Corporate Pl,Monterey Park, CA 91754",/listings/495657513/directions
Visionsound Inc,Music Publishers & Distribution,(818) 786-4800,"13547 Ventura Blvd # 110,Sherman Oaks, CA 91423",/listings/473363848/directions
Brass Heart Music,Music Publishers & Distribution,(323) 932-0534,"256 S Robertson Blvd,Beverly Hills, CA 90211",/listings/473969164/directions
Marys Distribution Company,,(747) 300-0001,"7910 Van Noord Ave,North Hollywood, CA 91605",/listings/498222979/directions
Bright Distribution,Advertising Agencies,(818) 351-1657,"12420 Montague St,Pacoima, CA 91331",/listings/470516051/directions
World Wide Distribution,Consulting Engineers,(800) 809-1134,"7230 Coldwater Canyon Ave,North Hollywood, CA 91605",/listings/475930136/directions
Jonathan Keller Management,Fashion Designers,(646) 504-9880,"8920 Wilshire Blvd,Beverly Hills, CA 90211",/listings/453941267/directions
Vernon Fuel Distribution,Gas Stations,(323) 232-3663,"4321 S Alameda St,Vernon, CA 90058",/listings/6768973/directions
HSP Distribution,Print Advertising,(818) 448-1726,"13956 Cantlay St,Van Nuys, CA 91405",/listings/504752248/directions
Kr Distribution,,(323) 484-9091,"4404 Pacific Blvd,Vernon, CA 90058",/listings/527463570/directions
Water Tower Distribution,Cold Storage Warehouses,(323) 980-7789,"2820 S Soto St,Vernon, CA 90058",/listings/461785873/directions
L A Moving Storage & Distribution,,(323) 258-2141,"9243 Cranford Ave,Arleta, CA 91331",/listings/12824974/directions
Los Angeles Produce Inc,Music Publishers & Distribution,(626) 398-9669,"1801 Country Ln,Pasadena, CA 91107",/listings/500283920/directions
Oak Distribution Company,,(323) 268-0507,"3686 E Olympic Blvd,Los Angeles, CA 90023",/listings/497102040/directions
West Coast Distribution,Logistics,(323) 588-6508,"2602 E 37th St,Vernon, CA 90058",/listings/466261721/directions
Californian Distribution,,(310) 803-2068,"1976 S La Cienega Blvd,Los Angeles, CA 90034",/listings/514830225/directions
Imani Entertainment Management,Music Publishers & Distribution,(310) 274-9595,"421 S Beverly Dr,Beverly Hills, CA 90212",/listings/463561777/directions
Pacific Music Publishing,Music Publishers & Distribution,(818) 528-7214,"14101 Valleyheart Dr Ste 103,Sherman Oaks, CA 91423",/listings/5774788/directions
Summerfield Music Inc,Music Publishers & Distribution,(818) 905-0400,"14024 Roblar Rd,Sherman Oaks, CA 91423",/listings/4907250/directions
Power House Distribution Inc.,Electric Companies,(310) 553-0300,"321 S Beverly Dr,Beverly Hills, CA 90212",/listings/471210210/directions
DROGANIC DISTRIBUTION LLC,Wholesale Dry Goods,(626) 789-3909,"333 W Garvey Ave,Monterey Park, CA 91754",/listings/476077072/directions
HK Transportation and Distribution,Transportation Services,(877) 682-9949,"13621 hartland st,Van Nuys, CA 91405",/listings/532691892/directions
Warehouse Processing & Distribution Workers Union,Labor Organizations,(323) 753-3461,"5625 S Figueroa St,Los Angeles, CA 90037",/listings/465092777/directions
Physical Distribution Service Inc,Business & Personal Coaches,(323) 881-0886,"2615 S Bonnie Beach Pl,Vernon, CA 90058",/listings/5223650/directions
Atlas Distribution Company,,(818) 386-8125,"13949 Ventura Blvd,Sherman Oaks, CA 91423",/listings/535464622/directions
Dongbao Distribution Co,,(626) 286-1616,"9116 Huntington Dr,San Gabriel, CA 91775",/listings/453608011/directions
Raw Clay Music,Music Publishers & Distribution,(310) 926-1016,"1441 S Beverly Glen Blvd,Los Angeles, CA 90024",/listings/463754726/directions
Jnf Distribution,,(323) 531-0041,"800 W 54th St,Los Angeles, CA 90037",/listings/546842550/directions
New Generation Distribution,,(818) 788-8001,"14945 Ventura Blvd,Sherman Oaks, CA 91403",/listings/479999442/directions
Goodman Distribution,Heating Equipment & Systems,(310) 837-6300,"3633 Lenawee Ave,Los Angeles, CA 90016",/listings/19988272/directions
Onyx Music Publishing,Music Publishers & Distribution,(323) 294-6709,"4570 Don Rodolfo Pl,Los Angeles, CA 90008",/listings/14279938/directions
Musica,Music Producers,(818) 988-5555,"5404 Saloma Ave,Sherman Oaks, CA 91411",/listings/10142464/directions
Sunnyland Records,Music Publishers & Distribution,(818) 905-7584,"14921 Hesby St,Sherman Oaks, CA 91403",/listings/30679111/directions
Sumerian Records,Music Publishers & Distribution,(818) 385-0243,"14930 Ventura Blvd Ste 340,Sherman Oaks, CA 91403",/listings/451390435/directions
Pacific Distributions Inc,Home Decor,(323) 588-3617,"3228 E 50th St,Vernon, CA 90058",/listings/467793584/directions
The Ban Distribution Group,Wireless Communication,(818) 988-7022,"7516 Tyrone Ave,Van Nuys, CA 91405",/listings/451050406/directions
All West Distribution Inc,Storage Household & Commercial,(323) 583-8333,"4520 S Maywood Ave,Vernon, CA 90058",/listings/2861663/directions
Mds Media Distribution SVC,Advertising Agencies,(310) 836-6600,"3550 Hayden Ave,Culver City, CA 90232",/listings/466015684/directions
World Arts (The TalentCall Inc.),Music Publishers & Distribution,(310) 204-4800,"8500 Steller Dr Ste 7,Culver City, CA 90232",/listings/530757526/directions
Allied Sales & Distribution,,(323) 589-9380,"2021 E 52nd St,Vernon, CA 90058",/listings/7342360/directions
Blue Bird Distribution Inc,,(424) 238-2424,"14724 Ventura Blvd,Sherman Oaks, CA 91403",/listings/495268165/directions
Spring Inc,Music Publishers & Distribution,(626) 307-8668,"1228 S San Gabriel Blvd,San Gabriel, CA 91776",/listings/549129418/directions
Elevated Audio,Music Publishers & Distribution,(818) 909-9029,"14677 Aetna St,Van Nuys, CA 91411",/listings/473360914/directions
Distribution Now,Oil Field Service,(323) 293-2746,"5640 S Fairfax Ave,Los Angeles, CA 90056",/listings/503075092/directions
Rondor Musical Intl,Music Publishers & Distribution,(310) 235-4800,"2440 S Sepulveda Blvd,Los Angeles, CA 90064",/listings/3585819/directions
Juarez Distribution Corp,,(323) 793-2762,"1308 S Arizona Ave,Los Angeles, CA 90022",/listings/542598676/directions
Best Way Bread Distribution,,(323) 351-3464,"1867 Rainbow Terrace Ln,Montebello, CA 90640",/listings/513530917/directions
Heart And Compasion Distribution,Associations,(323) 477-1494,"600 N Maple Ave,Montebello, CA 90640",/listings/547471355/directions
Domo Records,Music Publishers & Distribution,(310) 966-4414,"11022 Santa Monica Blvd,Los Angeles, CA 90025",/listings/521182937/directions
Universal Music Group,Music Publishers & Distribution,(310) 865-5000,"2440 S Sepulveda Blvd,Los Angeles, CA 90064",/listings/468206359/directions
"Rev 01 Distribution, Inc.",,(877) 514-9653,"7118 Pacific Blvd,Huntington Park, CA 90255",/listings/466355681/directions
I F C Film Distribution,,(310) 287-0404,"10353 Washington Blvd,Culver City, CA 90232",/listings/453575546/directions
Ritmo Rock,Music Publishers & Distribution,(323) 583-8104,"6511 Pacific Blvd,Huntington Park, CA 90255",/listings/3790165/directions
1stop Dvd Duplication La,Music Publishers & Distribution,(310) 464-6836,"10925 Kinross Ave,Los Angeles, CA 90024",/listings/464995727/directions
Viva Pictures Distribution,Advertising Agencies,(310) 709-1175,"1539 Westwood Blvd,Los Angeles, CA 90024",/listings/489106603/directions
Music Box,Music Sheet,(310) 473-3466,"1451 Westwood Blvd,Los Angeles, CA 90024",/listings/3501045/directions
A Perfect Circle,Music Publishers & Distribution,(310) 789-5232,"2850 Ocean Park Blvd Ste 300,Santa Monica, CA 90405",/listings/30616771/directions
Grand Produce Distribution Corp,,(818) 787-1072,"15045 Saticoy St,Van Nuys, CA 91405",/listings/3429200/directions
Praxair Distribution Inc,Welding Equipment & Supply,(323) 585-2155,"6319 Chalet Dr,Commerce, CA 90040",/listings/474037088/directions
Distribution By Air,,(410) 863-1900,"80 W Sierra Madre Blvd,Sierra Madre, CA 91024",/listings/560998547/directions
CM3 Media Group Inc.,Music Publishers & Distribution,(323) 295-2666,"5751 S Mullen Ave,Los Angeles, CA 90043",/listings/481553554/directions
Transfixed Music,Music Publishers & Distribution,(310) 789-5232,"2850 Ocean Park Blvd Ste 300,Santa Monica, CA 90405",/listings/30528402/directions
Heroes Distribution,,(818) 515-3763,"10427 Haskell Ave,Granada Hills, CA 91344",/listings/532046581/directions
Aurium Distribution Inc,Business Coaches & Consultants,(310) 998-0055,"3004 Santa Monica Blvd,Santa Monica, CA 90404",/listings/472655865/directions
"National Academy of Recording Arts & Sciences, Inc.",Music Publishers & Distribution,(310) 392-3777,"3030 Olympic Blvd,Santa Monica, CA 90404",/listings/8187380/directions
Hopes Distribution Inc,,(323) 721-1419,"7250 Bandini Blvd,Commerce, CA 90040",/listings/494973547/directions
Roccage Entertainment Inc,Music Arrangers & Composers,(818) 277-0855,"12100 Wilshire Blvd Ste 550,Los Angeles, CA 90025",/listings/466019356/directions
Holding Pictures Distribution,Motion Picture Producers & Studios,(310) 260-7070,"3100 Donald Douglas Loop N,Santa Monica, CA 90405",/listings/463620891/directions
Abl Distribution Incorporated,,(626) 350-8800,"1612 Chico Ave,South El Monte, CA 91733",/listings/546017996/directions
West Coast Distribution,,(323) 724-1665,"3000 Tanager Ave,Commerce, CA 90040",/listings/472027381/directions
Boulevard Distribution,,(818) 892-4427,"10111 Sepulveda Blvd,Mission Hills, CA 91345",/listings/453485679/directions
Position Music,Music Publishers & Distribution,(310) 442-8170,"1450 S Bundy Dr,Los Angeles, CA 90025",/listings/526356317/directions
Batala Los Angeles,Bands & Orchestras,(213) 392-4489,"601 N Eucalyptus Ave,Inglewood, CA 90302",/listings/526380777/directions
Mega Global Distribution,Exporters,(323) 724-2222,"6280 Peachtree St,Commerce, CA 90040",/listings/520480638/directions
News To Go Distribution Management,,(310) 444-6397,"11656 Gateway Blvd,Los Angeles, CA 90064",/listings/505363127/directions
Jtpc Distribution,Trucking Transportation Brokers,(626) 453-0982,"1945 Rosemead Blvd,South El Monte, CA 91733",/listings/550042016/directions
Distribution International,Insulation Materials,(323) 278-8350,"2741 Yates Ave,Commerce, CA 90040",/listings/514900096/directions
Pacific Surgical Distribution,Surgical Appliances & Supplies,(310) 477-8187,"11835 W Olympic Blvd,Los Angeles, CA 90064",/listings/9070942/directions
DSAA Wherehouse,Music Publishers & Distribution,(213) 280-5417,"4932 Zambrano St,Commerce, CA 90040",/listings/451596493/directions
Benson Subscription Services,Music Publishers & Distribution,(310) 836-8897,"2027 Barry Ave,Los Angeles, CA 90025",/listings/1845628/directions
Sweetener Products Co,,(323) 235-4222,"4181 Ross St,Vernon, CA 90058",/listings/470630107/directions
J & J Jeweler,Jewelers,(213) 623-1979,"606 S Hill St,Los Angeles, CA 90014",/listings/534266171/directions
Color Me Mine,Arts & Crafts Supplies,(818) 252-0420,"11174 Penrose St,Sun Valley, CA 91352",/listings/461638072/directions
FinishMaster,Auto Engine Rebuilding,(323) 934-6395,"5470 W Pico Blvd,Los Angeles, CA 90019",/listings/526462085/directions
C AP Banks,Textiles-Manufacturers,(213) 746-5005,"1401 S Main St,Los Angeles, CA 90015",/listings/456733609/directions
Uni Hoisery Co,Hosiery-Wholesale & Manufacturers,(213) 228-0100,"1911 E Olympic Blvd,Los Angeles, CA 90021",/listings/480634577/directions
Harvest Sensations,,(213) 895-6968,"3030 E Washington Blvd,Los Angeles, CA 90023",/listings/503311401/directions
Racks 4 Less,Shelving,(818) 962-6042,"7244 Varna Ave,North Hollywood, CA 91605",/listings/1001781853848/directions
Ore-Cal Corp,Food Products-Wholesale,(213) 623-8493,"634 Crocker St,Los Angeles, CA 90021",/listings/2874110/directions
L. A. Cold Storage Co.,Cold Storage Warehouses,(213) 624-1831,"400 S Central Ave,Los Angeles, CA 90013",/listings/4763136/directions
Challenger Logistic Services,Movers & Full Service Storage,(213) 628-3696,"1217 E 6th St,Los Angeles, CA 90021",/listings/547838224/directions
Racks 4 Less,,(818) 962-7221,"8083 San Fernando Rd,Sun Valley, CA 91352",/listings/474539001/directions
Republic Services East Los Angeles Transfer Station and Recycling Center,Garbage Collection,(323) 881-8999,"1512 N Bonnie Beach Pl,Los Angeles, CA 90063",/listings/531468705/directions
Bonded Services,Motion Picture Producers & Studios,(818) 848-9766,"3205 Burton Ave,Burbank, CA 91504",/listings/9339222/directions
Universal Supplies Inc,First Aid Supplies,(818) 763-5025,"11320 Chandler Blvd Ste E,North Hollywood, CA 91601",/listings/459813011/directions
Swaner Hardwood Company Inc,Lumber-Wholesale,(818) 953-5350,"5 W Magnolia Blvd,Burbank, CA 91502",/listings/2439300/directions
Nishikawa Auto Service,Auto Repair & Service,(626) 792-4372,"510 S Fair Oaks Ave,Pasadena, CA 91105",/listings/8146965/directions
Jowett Garment Factory Inc,Sportswear-Wholesale & Manufacturers,(626) 350-0515,"10359 Rush St,South El Monte, CA 91733",/listings/455325167/directions
Prestige Security Service Inc,Security Guard & Patrol Service,(310) 670-5999,"5855 Green Valley Cir Ste 207,Culver City, CA 90230",/listings/2666951/directions
"Skylite  Logistics - Nationwide Transport, Trucking & Freight",Trucking,(844) 204-7420,,
Pomona Valley Food Bank - God Provides Ministry,Food Banks,(626) 657-0448,"284 E Holt Ave,Pomona, CA 91767",/listings/1002054400213/directions
ABF Freight System,Trucking-Motor Freight,(818) 897-2266,"12200 Montague St,Pacoima, CA 91331",/listings/464875296/directions
Electrograph,,(562) 271-6520,"3707 Capitol Ave,City Of Industry, CA 90601",/listings/30519802/directions
Custom Building Products,Building Materials,(323) 582-0846,"6511 Salt Lake Ave,Bell Gardens, CA 90201",/listings/1326340/directions
Azteca Milling LP,Machine Shops,(323) 887-2050,"5021 Zambrano St,Commerce, CA 90040",/listings/3628324/directions
Readyrefresh By Nestle,"Water Companies-Bottled, Bulk, Etc",(844) 809-5610,"4250 Baldwin Ave,El Monte, CA 91731",/listings/531727937/directions
Motion Industries,Industrial Equipment & Supplies,(323) 728-0281,"2041 Saybrook Ave,Commerce, CA 90040",/listings/557752882/directions
Motion Industries,Industrial Equipment & Supplies,(323) 490-1791,"2045 Saybrook Ave,Commerce, CA 90040",/listings/18770197/directions
Motion Industries,Industrial Equipment & Supplies,(323) 887-3700,"2043 Saybrook Ave,Commerce, CA 90040",/listings/557675767/directions
Republic Services Innovative Waste Control Transfer Station,Garbage Collection,(323) 264-0202,"4133 Bandini Blvd,Vernon, CA 90058",/listings/12899168/directions
Cooperative Purchasers Inc.,,(323) 588-6800,"2131 E 51st St,Vernon, CA 90058",/listings/6182199/directions
Sdi Group USA,,(818) 890-6002,"13000 Pierce St,Pacoima, CA 91331",/listings/7707319/directions
Tru Forge,Tools-Wholesale & Manufacturers,(323) 585-9688,"5415 Maywood Ave,Maywood, CA 90270",/listings/22069696/directions
Direct Delivery Distribution,Courier & Delivery Service,(310) 893-1786,"333 Washington Blvd Ste 390,Marina Del Rey, CA 90292",/listings/1002004751049/directions
Adoro Cosmetics Co,Cosmetics & Perfumes,(323) 589-7800,"2777 Leonis Blvd,Vernon, CA 90058",/listings/11189946/directions
Mitsubishi Kagaku Imaging Corp,,(818) 837-8100,"655 N Central Ave,Glendale, CA 91203",/listings/493558996/directions
American Energy Operations Inc,Telecommunications-Equipment & Supply,(818) 265-4400,"550 N Brand Blvd,Glendale, CA 91203",/listings/451596118/directions
ePlastics Custom Plastic Solutions,"Plastics-Fabricating, Finishing & Decorating",(888) 519-7602,,
E Sam Jones Distribution,Lighting Fixtures-Wholesale & Manufacturers,(562) 463-1700,"2426 Peck Rd,Whittier, CA 90601",/listings/12955789/directions
Cbs Television Distribution,Television Stations & Broadcast Companies,(310) 264-3300,"2401 Colorado Ave,Santa Monica, CA 90404",/listings/15319687/directions
CNG Distribution,Tire Dealers,(562) 695-1557,"3723 San Gabriel River Pkwy Ste E,Pico Rivera, CA 90660",/listings/491004618/directions
A Reel Tape Corp Distribution Related Products Of Calif,,(562) 927-7706,"6355 Chalet Dr,Commerce, CA 90040",/listings/469477366/directions
Songtradr Inc,Music Publishers & Distribution,(424) 744-8190,"2701 Ocean Park Blvd Ste 220,Santa Monica, CA 90405",/listings/549023463/directions
International Film Distribution Consultants,,(310) 460-3537,"1601 Cloverfield Blvd,Santa Monica, CA 90404",/listings/466565264/directions
Fisticuffs Production,Music Publishers & Distribution,(310) 478-5151,"C/O London Co 2800 Olympic Bl,Santa Monica, CA 90404",/listings/533078320/directions
El Regio Distribution,General Merchandise-Wholesale,(626) 258-0046,"1220 Santa Anita Ave,South El Monte, CA 91733",/listings/475637510/directions
Westcoast Distribution,,(323) 727-9224,"5940 E Slauson Ave,Commerce, CA 90040",/listings/23312932/directions
Capital Food Distribution,Fish & Seafood-Wholesale,(626) 582-8827,"9201 Rush St,South El Monte, CA 91733",/listings/465527135/directions
Dcg Distribution,Trucking,(323) 622-4000,"2425 Saybrook Ave,Commerce, CA 90040",/listings/3242133/directions
Prosource Distribution,Janitorial Service,(323) 767-0540,"6865 Washington Blvd,Montebello, CA 90640",/listings/465245938/directions
Mandell Management,Music Publishers & Distribution,(310) 481-4474,"2457 Sawtelle Blvd,Los Angeles, CA 90064",/listings/12326891/directions
Trinity Distribution Inc,Food Products-Wholesale,(323) 773-7777,"6058 Walker Ave,Maywood, CA 90270",/listings/456241048/directions
Bat Distribution Inc.,Surgical Appliances & Supplies,(818) 988-2939,"6258 Peach Ave,Van Nuys, CA 91411",/listings/31220189/directions
West Coast Distribution,,(323) 888-1824,"6400 E Washington Blvd,Commerce, CA 90040",/listings/495323071/directions
Culver City & Santa Monica Music Center,Music Sheet,(310) 202-6874,"10862 Washington Blvd,Culver City, CA 90232",/listings/17041939/directions
Fonovisa,Music Publishers & Distribution,(818) 782-6100,"7710 Haskell Ave,Van Nuys, CA 91406",/listings/4671783/directions
Laurendale Associates,Music Publishers & Distribution,(818) 994-6920,"15035 Wyandotte St,Van Nuys, CA 91405",/listings/12429846/directions
Sourceaudio,Music Publishers & Distribution,(800) 401-3093,"9415 Culver Blvd,Culver City, CA 90232",/listings/528392914/directions
Sony/ATV Music Publishing,Music Publishers & Distribution,(310) 441-1300,"10635 Santa Monica Blvd Ste 300,Los Angeles, CA 90025",/listings/31185565/directions
Acero Music Promotions,Music Publishers & Distribution,(323) 835-1702,"6111 Pacific Blvd,Huntington Park, CA 90255",/listings/762580/directions
Reliable Distribution Srvc,Advertising Specialties,(323) 973-1880,"4900 E 50th St,Vernon, CA 90058",/listings/481434337/directions
UCLA Mail Document & Distribution Services,,(310) 825-4410,"650 Charles E Young Dr W,Los Angeles, CA 90095",/listings/548119070/directions
Oset Trucking & Distribution,Food Products-Wholesale,(323) 588-0390,"5403 Maywood Ave,Maywood, CA 90270",/listings/23045074/directions
Warner Chappell Music,Music Publishers & Distribution,(310) 441-8600,"10585 Santa Monica Blvd Ste 300,Los Angeles, CA 90025",/listings/18636838/directions
Guzman Brothers Distribution,Food Products-Wholesale,(323) 726-6241,"1240 Goodrich Blvd,Commerce, CA 90022",/listings/546903809/directions
M & F Distribution,Giftware Wholesalers & Manufacturers,(818) 788-7472,"5005 Noble Ave,Sherman Oaks, CA 91403",/listings/1674326/directions
Doms Distribution,,(323) 312-6281,"2300 E 57th St,Vernon, CA 90058",/listings/526311293/directions
Special Agent Company,Music Publishers & Distribution,(323) 296-3870,"4924 Angeles Vista Blvd,View Park, CA 90043",/listings/12058298/directions
Core Systems Distribution Corp,Advertising Agencies,(323) 312-3390,"4601 E 50th St,Vernon, CA 90058",/listings/475536584/directions
J & J Distribution,Food Products-Wholesale,(323) 484-9423,"2808 E 54th St,Vernon, CA 90058",/listings/505760185/directions
Chinalion Film Distribution Inc,,(310) 461-3030,"1801 Avenue Of The Stars,Los Angeles, CA 90067",/listings/468658534/directions
Bat Distribution Inc,Medical Equipment & Supplies,(818) 988-2939,"6420 Van Nuys Blvd,Van Nuys, CA 91401",/listings/468408108/directions
Digital Cinema Distribution,Advertising Agencies,(310) 651-2601,"1840 Century Park E,Los Angeles, CA 90067",/listings/502200528/directions
Swanee Bravo Music,Music Publishers & Distribution,(310) 652-3583,"2160 Century Park E Apt 1201,Los Angeles, CA 90067",/listings/497270572/directions
A1 Flyer Distribution,Advertising Agencies,(626) 639-7473,"700 S Woods Ave,Los Angeles, CA 90022",/listings/481193590/directions
Kaolin Mushrooms La Distribution,,(323) 484-1115,"2929 E 44th St,Vernon, CA 90058",/listings/547651781/directions
Inferno Distribution,Motion Picture Producers & Studios,(310) 598-2550,"1888 Century Park E Ste 1180,Los Angeles, CA 90067",/listings/10364791/directions
Lava Bear Distribution,Motion Picture Film Distributors & Exchanges,(310) 815-9610,"3243 S La Cienega Blvd,Los Angeles, CA 90016",/listings/465330136/directions
King Of Music,Music Publishers & Distribution,(323) 296-4780,"4058 Crenshaw Blvd,Los Angeles, CA 90008",/listings/497312078/directions
Pure N Heart Music Group,Music Publishers & Distribution,(310) 860-7503,"468 N Camden Dr,Beverly Hills, CA 90210",/listings/468951915/directions
"Conquest Media Group, LLC",Music Publishers & Distribution,(310) 860-7494,"486 N Camden Dr,Beverly Hills, CA 90210",/listings/15853057/directions
Rimowa Distribution Inc,Luggage,(310) 275-4860,"201 N Rodeo Dr,Beverly Hills, CA 90210",/listings/542381825/directions
Music 4 Media,Music Publishers & Distribution,(310) 860-5654,"468 N Camden Dr,Beverly Hills, CA 90210",/listings/464921397/directions
Sunrise Distribution,Food Products-Wholesale,(323) 264-8364,"2870 Lugo St,Los Angeles, CA 90023",/listings/460361649/directions
South Beach Music Group  Beverly Hills,Music Publishers & Distribution,(424) 354-9595,"433 N Camden Dr,Beverly Hills, CA 90210",/listings/469887130/directions
Revolution Entertainment Group,Music Publishers & Distribution,(323) 834-9093,"2728 S Rimpau Blvd,Los Angeles, CA 90016",/listings/524859343/directions
"Pacific Global Distribution, Inc",,(323) 846-8387,"3930 Broadway Pl,Los Angeles, CA 90037",/listings/542841399/directions
Wholesale Printing and Distribution,,(310) 598-6250,"468 N Camden Dr,Beverly Hills, CA 90210",/listings/469713194/directions
Music One Entertainment Group ,Music Publishers & Distribution,(213) 255-5848,"9465 Wilshire Blvd,Beverly Hills, CA 90212",/listings/523375828/directions
Jarz Distribution Inc,Manufacturers Agents & Representatives,(213) 624-5279,"2177 E 14th St,Los Angeles, CA 90021",/listings/14274523/directions
Apollo Cinema Distribution Crp,Motion Picture Film Distributors & Exchanges,(310) 275-6000,"519 N Hillcrest Rd,Beverly Hills, CA 90210",/listings/15576365/directions
Ambi Distribution Corp.,"Production Companies-Film, TV, Radio, Etc",(310) 274-2000,"9454 Wilshire Blvd,Beverly Hills, CA 90212",/listings/496029831/directions
Time Art Distribution,Advertising Agencies,(424) 278-1008,"9454 Wilshire Blvd,Beverly Hills, CA 90212",/listings/544625400/directions
"AudioMicro, Inc",Music Publishers & Distribution,(818) 651-6311,"13351 Riverside Dr # 13351,Sherman Oaks, CA 91423",/listings/502206414/directions
Century Distribution Enterprises Inc,,(626) 685-8965,"2100 E Colorado Blvd,Pasadena, CA 91107",/listings/467322175/directions
Comprehensive Distribution Services,Logistics,(310) 523-1546,"18726 S Western Ave,Los Angeles, CA 90018",/listings/460609554/directions
Ez Games Distribution Inc,Video Games,(213) 608-2718,"1415 E Washington Blvd,Los Angeles, CA 90021",/listings/467365889/directions
Cali Kulture Distribution,General Merchandise-Wholesale,(855) 999-2245,"940 S Alameda St,Los Angeles, CA 90021",/listings/505551284/directions
Where's The Melody Music,Music Publishers & Distribution,(626) 345-9816,"1947 Layton St,Pasadena, CA 91104",/listings/31040214/directions
Alpha Distributions Inc,Video Games,(213) 622-4200,"955 S Alameda St,Los Angeles, CA 90021",/listings/497069510/directions
Dra Distribution INC,"Automobile Performance, Racing & Sports Car Equipment",(323) 424-4176,"5403 W Pico Blvd,Los Angeles, CA 90019",/listings/453728861/directions
Dj And Musical Outlet,Music Publishers & Distribution,(213) 688-8860,"1140 E 11th St,Los Angeles, CA 90021",/listings/451217853/directions
Primary Wave Music Publishing,Music Publishers & Distribution,(310) 247-8630,"9165 W Sunset Blvd,West Hollywood, CA 90069",/listings/451278197/directions
Keyohm Music LLC,Music Publishers & Distribution,(267) 753-9646,"2155 E 7th St,Los Angeles, CA 90023",/listings/524502950/directions
American Distribution Company,,(818) 767-8891,"11555 Cantara St,North Hollywood, CA 91605",/listings/7195308/directions
Clarion Jazz,Music Publishers & Distribution,(310) 855-0172,"900 Hammond St,West Hollywood, CA 90069",/listings/524751838/directions
Hal David Inc,Music Publishers & Distribution,(818) 762-0588,"12711 Ventura Blvd Ste 420,Studio City, CA 91604",/listings/465983990/directions
Bmg Chrysalis,Music Publishers & Distribution,(323) 969-0988,"6100 Wilshire Blvd Ste 1600,Los Angeles, CA 90048",/listings/474046041/directions
Sirius Star Entertainment,Music Publishers & Distribution,(818) 762-0740,"12650 Riverside Dr Ste 203,Valley Village, CA 91607",/listings/467272850/directions
North Star Media,Music Publishers & Distribution,(818) 766-2100,"12650 Riverside Dr Ste 200,Valley Village, CA 91607",/listings/457060196/directions
Leiber & Stoller,Music Publishers & Distribution,(310) 273-6401,"9000 W Sunset Blvd Ste 1107,West Hollywood, CA 90069",/listings/30528602/directions
Direct Delivery Distribution,,(424) 281-7784,"333 W Washington Blvd,Los Angeles, CA 90015",/listings/467289030/directions
Dtla Distribution,,(213) 536-5554,"1501 Santee St,Los Angeles, CA 90015",/listings/537194685/directions
Specialiced Distribution,Importers,(626) 281-0979,"901 S Fremont Ave,Alhambra, CA 91803",/listings/475220/directions
Notting Hill Music,Music Publishers & Distribution,(310) 273-4230,"8961 W Sunset Blvd,West Hollywood, CA 90069",/listings/11058131/directions
"Case Distribution Services, Inc",Office Equipment & Supplies,(888) 309-1723,"8581 Santa Monica Blvd Unit 435,West Hollywood, CA 90069",/listings/499845337/directions
Advantage Distribution Co,Stationery Stores,(323) 687-9194,"5455 Wilshire Blvd,Los Angeles, CA 90036",/listings/31191408/directions
Si Distribution Co.,Condiments & Sauces,(213) 626-2211,"515 Stanford Ave,Los Angeles, CA 90013",/listings/467766810/directions
A1 Flyer Distribution,General Merchandise-Wholesale,(626) 639-7473,"1037 Bell St,Pasadena, CA 91104",/listings/451312569/directions
Happy Medium Music,Music Publishers & Distribution,(310) 652-8902,"8530 Holloway Dr,West Hollywood, CA 90069",/listings/434711/directions
Phaz,Music Publishers & Distribution,(424) 274-4792,"8560 W Sunset Blvd Ste 500,West Hollywood, CA 90069",/listings/541254083/directions
Notable Music Compnay Inc,Music Publishers & Distribution,(213) 532-5010,"453 S Spring St Ste 1015,Los Angeles, CA 90013",/listings/469634558/directions
Bbl Distribution Inc,General Merchandise-Wholesale,(323) 575-4138,"7800 Beverly Blvd # 3371,Los Angeles, CA 90036",/listings/458722632/directions
Enanos Distribution Inc,Importers,(213) 536-5661,"1216 Venice Blvd,Los Angeles, CA 90006",/listings/545328244/directions
"Jimmy Nebula Productions, LLC",Music Publishers & Distribution,(213) 200-1358,"550 S Hill St Ste 820,Los Angeles, CA 90013",/listings/529572958/directions
ITS ABOUT TIME ENTERTAINMENT INC,Music Publishers & Distribution,(213) 842-1856,"413 E 7th St Apt 213,Los Angeles, CA 90014",/listings/526668256/directions
Center For Visual Music,Music Publishers & Distribution,(213) 683-1514,"453 S Spring St,Los Angeles, CA 90013",/listings/488383755/directions
Launch Music,Music Publishers & Distribution,(323) 337-9901,"8335 W Sunset Blvd,Los Angeles, CA 90069",/listings/15327963/directions
The Gimbel Music Group,Music Publishers & Distribution,(323) 966-4433,"661 N Harper Ave,Los Angeles, CA 90048",/listings/2292379/directions
The Velvetone Music Co,Music Publishers & Distribution,(323) 337-9001,"8335 W Sunset Blvd Ste 219,Los Angeles, CA 90069",/listings/11287602/directions
Cali Imports & Distribution,,(626) 869-6398,"222 S Figueroa St,Los Angeles, CA 90012",/listings/547268684/directions
Dc Distribution Inc.,Chiropractors & Chiropractic Services,(323) 225-1888,"317 N Mission Rd,Los Angeles, CA 90033",/listings/504105975/directions
Song Music Publishing Inc,Music Publishers & Distribution,(323) 939-3511,"7024 Melrose Ave Ste 450,Los Angeles, CA 90038",/listings/17850498/directions
Bluelounge Distribution,Business Coaches & Consultants,(626) 564-2802,"35 N Arroyo Pkwy,Pasadena, CA 91103",/listings/471001377/directions
Canna Distribution & Transit,,(310) 663-3509,"523 W 6th St,Los Angeles, CA 90014",/listings/547263212/directions
Despot Records,Music Publishers & Distribution,(323) 931-8318,"629 N Orange Dr,Los Angeles, CA 90036",/listings/474046119/directions
Mar-Tune Music,Music Producers,(626) 441-0400,"640 Prospect Ave,South Pasadena, CA 91030",/listings/455252295/directions
Dmi Music,Music Producers,(626) 432-1627,"35 W Dayton St,Pasadena, CA 91105",/listings/6201699/directions
"T Distribution Of California, Inc",,(818) 769-5656,"10708 Vanowen St,North Hollywood, CA 91605",/listings/22825387/directions
National Record Promotions,Music Publishers & Distribution,(323) 658-7449,"137 N Larchmont Blvd # S-500,Los Angeles, CA 90004",/listings/502864608/directions
Red & White Distribution,Food Products-Wholesale,(818) 980-4700,"10703 Vanowen St,North Hollywood, CA 91605",/listings/465105390/directions
Sotos Distribution,General Merchandise-Wholesale,(323) 461-1683,"522 N Oxford Ave,Los Angeles, CA 90004",/listings/30314649/directions
Bernard Hamel Spanish Book Corporation,Music Publishers & Distribution,(213) 739-8899,"3102 Wilshire Blvd,Los Angeles, CA 90010",/listings/14044838/directions
Strange Music Inc. Hollywood,Record Labels,(714) 244-2722,"6801 Hollywood Blvd Ste 200B,Los Angeles, CA 90028",/listings/535457295/directions
Transition Music Corp,Music Publishers & Distribution,(323) 860-7074,"11288 Ventura Blvd # 709,Studio City, CA 91604",/listings/481189952/directions
CBD Logistics & Distribution,,(213) 298-6270,"708 N Wilton Pl,Los Angeles, CA 90038",/listings/551643529/directions
Sunset Sound,Music Publishers & Distribution,(323) 469-1186,"6650 W Sunset Blvd,Los Angeles, CA 90028",/listings/1342018/directions
OGM Production Music,"Production Companies-Film, TV, Radio, Etc",(323) 461-2701,"6464 W Sunset Blvd,Los Angeles, CA 90028",/listings/467560950/directions
Foodchain Records,Music Publishers & Distribution,(310) 360-6700,"6525 W Sunset Blvd,Los Angeles, CA 90028",/listings/475068786/directions
Media Creature Music,Music Publishers & Distribution,(323) 468-8888,"6121 Santa Monica Blvd,Los Angeles, CA 90038",/listings/8694587/directions
DENA MICHELLE MANAGEMENT,Artists Agents,(818) 723-7410,"1800 Vine St,Los Angeles, CA 90028",/listings/505286613/directions
"Capitol Records, Inc.",Music Publishers & Distribution,(323) 871-5001,"1750 Vine St,Los Angeles, CA 90028",/listings/483373950/directions
JAH BLESS MUSIC & FILM,Music Publishers & Distribution,(949) 836-9269,"1726 N Gower Street,Hollywood, CA 90028",/listings/496059729/directions
Fire Born Studios,"Production Companies-Film, TV, Radio, Etc",(323) 333-7322,"3480 Barham Blvd Apt 111,Los Angeles, CA 90068",/listings/531127532/directions
Atlas Music Publishing,Music Publishers & Distribution,(646) 502-5170,"1715 N Gower St,Los Angeles, CA 90028",/listings/502229059/directions
Serafin's Distribution,Women's Clothing,(323) 839-6913,"4035 Marathon St,Los Angeles, CA 90029",/listings/452134224/directions
Q Music Collective,Music Publishers & Distribution,(323) 309-5051,"1900 Vine St Apt 108,Los Angeles, CA 90068",/listings/463742023/directions
Elektra Records,Music Producers,(818) 238-2200,"3400 W Olive Ave,Burbank, CA 91505",/listings/473852161/directions
Melody Dawn Records,Music Arrangers & Composers,(615) 478-4974,"1728 N Van Ness Ave,Los Angeles, CA 90028",/listings/516886281/directions
"Righteous Rebel Music, LLC",Music Arrangers & Composers,(818) 238-9246,"3500 W Olive Ave Fl 300,Burbank, CA 91505",/listings/22807970/directions
Master Pipe Distribution Co,,(310) 320-6400,"1110 W Avenue 37,Los Angeles, CA 90065",/listings/537745886/directions
Pop Cautious Records,Music Publishers & Distribution,(323) 878-6701,"3704 Barham Blvd Apt E211,Los Angeles, CA 90068",/listings/481985099/directions
TLS Music Services,Music Publishers & Distribution,(818) 848-2330,"423 Cornell Dr,Burbank, CA 91504",/listings/30930073/directions
Warner Music Group,Music Publishers & Distribution,(818) 238-6500,"3400 W Olive Ave,Burbank, CA 91505",/listings/3516635/directions
The Music Tent,Music Publishers & Distribution,(787) 565-1719,"729 N Avenue 57,Los Angeles, CA 90042",/listings/481486048/directions
Never Never Music,Music Producers,(323) 664-7800,"2330 N Edgemont St,Los Angeles, CA 90027",/listings/2407786/directions
Flowing River Productions,Music Publishers & Distribution,(213) 804-7508,"2006 N Commonwealth Ave,Los Angeles, CA 90027",/listings/533702554/directions
Creative Support Services,Music Publishers & Distribution,(323) 666-7968,"1950 Riverside Dr,Los Angeles, CA 90039",/listings/7672982/directions
Ferenci Music,Music Publishers & Distribution,(323) 665-7047,"2503 Panorama Ter,Los Angeles, CA 90039",/listings/30891002/directions
Watson Robert,Music Publishers & Distribution,(213) 503-0838,"1951 Escarpa Dr,Los Angeles, CA 90041",/listings/31081154/directions
Bomp Records,Music Publishers & Distribution,(818) 729-9096,"919 W Isabel St Ste G,Burbank, CA 91506",/listings/19853055/directions
Los Angeles Distribution and Broadcasting,Video Production Services,(818) 525-1860,"2107 W Alameda Ave,Burbank, CA 91506",/listings/550598844/directions
1 Stop DVD Duplication,Music Publishers & Distribution,(626) 628-9670,"1128 E Broadway,Glendale, CA 91205",/listings/11837407/directions
Al-Jaame For Publishing And Distribution,,(818) 547-9540,"1123 S Central Ave,Glendale, CA 91204",/listings/19955677/directions
Knockout Music & Video,Music Publishers & Distribution,(818) 956-8602,"1250 N Everett St,Glendale, CA 91207",/listings/9127727/directions
Glenrose Liquor & Distribution Inc,Liquor Stores,(818) 243-3526,"1307 W Glenoaks Blvd,Glendale, CA 91201",/listings/485027812/directions
Bungalow Records,Music Producers,(818) 753-2302,"2600 W Olive Ave,Burbank, CA 91505",/listings/481213983/directions
Tri-Ed Distribution Inc,Television Systems-Closed Circuit Telecasting,(818) 848-7305,"632 N Victory Blvd,Burbank, CA 91502",/listings/474756359/directions
Overall Distributions Inc,,(818) 548-0615,"4563 San Fernando Rd,Glendale, CA 91204",/listings/18784643/directions
Esi Bearing Distribution,Bearings,(818) 545-1900,"512 W Windsor Rd,Glendale, CA 91204",/listings/4798110/directions
SBS COMPUTER DISTRIBUTION,Compressor Repair,(818) 697-3294,"601 E Glenoaks Blvd,glendale, CA 91207",/listings/521952309/directions
Quadrant Distribution,Telephone Companies,(818) 409-9480,"301 E Glenoaks Blvd,Glendale, CA 91207",/listings/480935962/directions
G & H Distribution Inc Co,"Distributing Service-Circular, Sample, Etc",(818) 771-1245,"8055 Lankershim Blvd Ste 2,North Hollywood, CA 91605",/listings/467439606/directions
Central Vial Distribution,Bottles-Wholesale & Manufacturers,(818) 956-5204,"440 S Central Ave,Glendale, CA 91204",/listings/5914825/directions
Kross Distributions,"Distributing Service-Circular, Sample, Etc",(818) 505-0039,"6630 Whitsett Ave,North Hollywood, CA 91606",/listings/30894789/directions
Kokos Distribution,"Distributing Service-Circular, Sample, Etc",(626) 398-6462,"1443 Atchison St,Pasadena, CA 91104",/listings/31078875/directions
Mega Global Distribution,"Distributing Service-Circular, Sample, Etc",(323) 724-2222,"1165 E 12th St,Los Angeles, CA 90021",/listings/545390878/directions
Elite Av Distribution Inc,,(818) 245-6571,"4718 San Fernando Rd,Glendale, CA 91204",/listings/482194820/directions
